{"$schema":"http://schema.management.azure.com/schemas/2015-01-01/deploymentTemplate.json#","contentVersion":"1.0.0.0","parameters":{"workspaceName":{"type":"string","metadata":"Workspace name","defaultValue":"synapsereportingforenergy"},"ls_Azuresql_energy_db":{"type":"string"},"ls_azurestorage_energyscotish":{"type":"string"}},"variables":{"workspaceId":"[concat('Microsoft.Synapse/workspaces/', parameters('workspaceName'))]"},"resources":[{"name":"[concat(parameters('workspaceName'), '/get_data_Azure_SQL')]","type":"Microsoft.Synapse/workspaces/pipelines","apiVersion":"2019-06-01-preview","properties":{"activities":[{"name":"getconfigdata","type":"Lookup","dependsOn":[],"policy":{"timeout":"0.12:00:00","retry":0,"retryIntervalInSeconds":30,"secureOutput":false,"secureInput":false},"userProperties":[],"typeProperties":{"source":{"type":"DelimitedTextSource","storeSettings":{"type":"AzureBlobFSReadSettings","recursive":true,"enablePartitionDiscovery":false},"formatSettings":{"type":"DelimitedTextReadSettings"}},"dataset":{"referenceName":"Ds_Configfile","type":"DatasetReference","parameters":{"container":"bronzelayerdata","file_path":"config","file_name":"Config_file.csv"}},"firstRowOnly":false}},{"name":"ForEach1","type":"ForEach","dependsOn":[{"activity":"getconfigdata","dependencyConditions":["Succeeded"]}],"userProperties":[],"typeProperties":{"items":{"value":"@activity('getconfigdata').output.value","type":"Expression"},"activities":[{"name":"File exist","type":"GetMetadata","dependsOn":[],"policy":{"timeout":"0.12:00:00","retry":0,"retryIntervalInSeconds":30,"secureOutput":false,"secureInput":false},"userProperties":[],"typeProperties":{"dataset":{"referenceName":"DS_ADLSGEN2_parquet","type":"DatasetReference","parameters":{"Container_name":"bronzelayerdata","File_path":{"value":"@item().targetpath\r\n","type":"Expression"},"File_name":{"value":"@item().tablename\r\n","type":"Expression"}}},"fieldList":["exists"],"storeSettings":{"type":"AzureBlobFSReadSettings","recursive":true,"enablePartitionDiscovery":false},"formatSettings":{"type":"ParquetReadSettings"}}},{"name":"If Condition2","type":"IfCondition","dependsOn":[{"activity":"If Condition1","dependencyConditions":["Succeeded"]}],"userProperties":[],"typeProperties":{"expression":{"value":"@equals(item().loadtype,'full')\n","type":"Expression"},"ifFalseActivities":[{"name":"Incremental_load","type":"Copy","dependsOn":[{"activity":"Lookup2","dependencyConditions":["Completed"]}],"policy":{"timeout":"0.12:00:00","retry":0,"retryIntervalInSeconds":30,"secureOutput":false,"secureInput":false},"userProperties":[],"typeProperties":{"source":{"type":"AzureSqlSource","sqlReaderQuery":{"value":"@concat(\n    'SELECT *, ''', \n    item().datasource, ''' AS datasource FROM ', \n    item().tablename, \n    ' WHERE last_updated >= ''', \n    activity('Lookup2').output.firstRow.lastfetcheddate, ''''\n)","type":"Expression"},"queryTimeout":"02:00:00","partitionOption":"None"},"sink":{"type":"ParquetSink","storeSettings":{"type":"AzureBlobFSWriteSettings"},"formatSettings":{"type":"ParquetWriteSettings"}},"enableStaging":false,"translator":{"type":"TabularTranslator","typeConversion":true,"typeConversionSettings":{"allowDataTruncation":true,"treatBooleanAsNumber":false}}},"inputs":[{"referenceName":"ds_sql_reporting","type":"DatasetReference","parameters":{"database":"energyproduction","schema":{"value":"@item().datasource\n","type":"Expression"},"table":{"value":"@item().tablename\n","type":"Expression"}}}],"outputs":[{"referenceName":"DS_ADLSGEN2_parquet","type":"DatasetReference","parameters":{"Container_name":"bronzelayerdata","File_path":{"value":"@item().targetpath \n","type":"Expression"},"File_name":{"value":"@item().tablename\n","type":"Expression"}}}]},{"name":"Lookup2","type":"Lookup","dependsOn":[],"policy":{"timeout":"0.12:00:00","retry":0,"retryIntervalInSeconds":30,"secureOutput":false,"secureInput":false},"userProperties":[],"typeProperties":{"source":{"type":"AzureSqlSource","sqlReaderQuery":{"value":"@concat(\n    'SELECT COALESCE(CAST(MAX(CAST(loaddate\n AS DATETIME)) AS DATE), ''1900-01-01'') AS lastfetcheddate ',\n    'FROM dbo.load_logs ',\n    'WHERE data_source = ''', item().datasource, ''' ',\n    'AND tablename = ''', item().tablename, ''''\n)\n","type":"Expression"},"queryTimeout":"02:00:00","partitionOption":"None"},"dataset":{"referenceName":"ds_sql_reporting","type":"DatasetReference","parameters":{"database":"'aa'","schema":"'aa'","table":"'aa'"}}}},{"name":"Stored procedure1","type":"SqlServerStoredProcedure","dependsOn":[{"activity":"Incremental_load","dependencyConditions":["Succeeded"]}],"policy":{"timeout":"0.12:00:00","retry":0,"retryIntervalInSeconds":30,"secureOutput":false,"secureInput":false},"userProperties":[],"typeProperties":{"storedProcedureName":"[[dbo].[UpdateLoadDate]","storedProcedureParameters":{"DataSource":{"value":{"value":"@item().datasource","type":"Expression"},"type":"String"},"TableName":{"value":{"value":"@item().tablename","type":"Expression"},"type":"String"},"LoadDate":{"value":{"value":"@formatDateTime(utcNow(), 'yyyy-MM-dd')\n","type":"Expression"},"type":"Datetime"}}},"linkedServiceName":{"referenceName":"[parameters('ls_Azuresql_energy_db')]","type":"LinkedServiceReference","parameters":{"DB":"energyproduction"}}}],"ifTrueActivities":[{"name":"full_load","type":"Copy","dependsOn":[],"policy":{"timeout":"0.12:00:00","retry":0,"retryIntervalInSeconds":30,"secureOutput":false,"secureInput":false},"userProperties":[],"typeProperties":{"source":{"type":"AzureSqlSource","sqlReaderQuery":{"value":"@concat(\n    'SELECT * FROM ', \n    item().tablename\n)\n\n\n","type":"Expression"},"queryTimeout":"02:00:00","partitionOption":"None"},"sink":{"type":"ParquetSink","storeSettings":{"type":"AzureBlobFSWriteSettings"},"formatSettings":{"type":"ParquetWriteSettings"}},"enableStaging":false,"translator":{"type":"TabularTranslator","typeConversion":true,"typeConversionSettings":{"allowDataTruncation":true,"treatBooleanAsNumber":false}}},"inputs":[{"referenceName":"ds_sql_reporting","type":"DatasetReference","parameters":{"database":{"value":"@item().database\n\n","type":"Expression"},"schema":{"value":"@item().datasource\n","type":"Expression"},"table":{"value":"@item().tablename\n","type":"Expression"}}}],"outputs":[{"referenceName":"DS_ADLSGEN2_parquet","type":"DatasetReference","parameters":{"Container_name":"bronzelayerdata","File_path":{"value":"@item().targetpath \n","type":"Expression"},"File_name":{"value":"@item().tablename\n","type":"Expression"}}}]},{"name":"Stored procedure2","type":"SqlServerStoredProcedure","dependsOn":[{"activity":"full_load","dependencyConditions":["Succeeded"]}],"policy":{"timeout":"0.12:00:00","retry":0,"retryIntervalInSeconds":30,"secureOutput":false,"secureInput":false},"userProperties":[],"typeProperties":{"storedProcedureName":"[[dbo].[Insertlogtable]","storedProcedureParameters":{"DataSource":{"value":{"value":"@item().datasource\n","type":"Expression"},"type":"String"},"LoadDate":{"value":{"value":"@formatDateTime(utcNow(), 'yyyy-MM-dd')\n","type":"Expression"},"type":"Datetime"},"TableName":{"value":{"value":"@item().tablename","type":"Expression"},"type":"String"}}},"linkedServiceName":{"referenceName":"[parameters('ls_Azuresql_energy_db')]","type":"LinkedServiceReference","parameters":{"DB":"energyproduction"}}}]}},{"name":"If Condition1","type":"IfCondition","dependsOn":[{"activity":"File exist","dependencyConditions":["Succeeded"]}],"userProperties":[],"typeProperties":{"expression":{"value":"@equals(activity('File exist').output.exists, true)\n\n","type":"Expression"},"ifTrueActivities":[{"name":"Copy Archive","type":"Copy","dependsOn":[],"policy":{"timeout":"0.12:00:00","retry":0,"retryIntervalInSeconds":30,"secureOutput":false,"secureInput":false},"userProperties":[],"typeProperties":{"source":{"type":"ParquetSource","storeSettings":{"type":"AzureBlobFSReadSettings","recursive":true,"enablePartitionDiscovery":false},"formatSettings":{"type":"ParquetReadSettings"}},"sink":{"type":"ParquetSink","storeSettings":{"type":"AzureBlobFSWriteSettings"},"formatSettings":{"type":"ParquetWriteSettings"}},"enableStaging":false,"translator":{"type":"TabularTranslator","typeConversion":true,"typeConversionSettings":{"allowDataTruncation":true,"treatBooleanAsNumber":false}}},"inputs":[{"referenceName":"DS_ADLSGEN2_parquet","type":"DatasetReference","parameters":{"Container_name":"bronzelayerdata","File_path":{"value":"SQL_Data","type":"Expression"},"File_name":{"value":"@item().tablename\n","type":"Expression"}}}],"outputs":[{"referenceName":"DS_ADLSGEN2_parquet","type":"DatasetReference","parameters":{"Container_name":"archive","File_path":{"value":"@concat(item().targetpath,'/archive/',formatDateTime(utcNow(),'yyyy'),'/',formatDateTime(utcNow(),'%m'),'/',formatDateTime(utcNow(),'%d')\n\n)","type":"Expression"},"File_name":{"value":"@item().tablename\n","type":"Expression"}}}]}]}}]}}],"policy":{"elapsedTimeMetric":{}},"annotations":[],"lastPublishTime":"2024-12-25T21:39:58Z"},"dependsOn":["[concat(variables('workspaceId'), '/datasets/Ds_Configfile')]","[concat(variables('workspaceId'), '/datasets/DS_ADLSGEN2_parquet')]","[concat(variables('workspaceId'), '/datasets/ds_sql_reporting')]"]},{"name":"[concat(parameters('workspaceName'), '/Ds_Configfile')]","type":"Microsoft.Synapse/workspaces/datasets","apiVersion":"2019-06-01-preview","properties":{"linkedServiceName":{"referenceName":"[parameters('ls_azurestorage_energyscotish')]","type":"LinkedServiceReference"},"parameters":{"container":{"type":"string"},"file_path":{"type":"string"},"file_name":{"type":"string"}},"annotations":[],"type":"DelimitedText","typeProperties":{"location":{"type":"AzureBlobFSLocation","fileName":{"value":"@dataset().file_name","type":"Expression"},"folderPath":{"value":"@dataset().file_path","type":"Expression"},"fileSystem":{"value":"@dataset().container","type":"Expression"}},"columnDelimiter":",","escapeChar":"\\","firstRowAsHeader":true,"quoteChar":"\""},"schema":[{"name":"database","type":"String"},{"name":"datasource","type":"String"},{"name":"table name","type":"String"},{"name":"load type","type":"String"},{"name":"watermark","type":"String"},{"name":"is active","type":"String"},{"name":"target path ","type":"String"}]},"dependsOn":[]},{"name":"[concat(parameters('workspaceName'), '/DS_ADLSGEN2_parquet')]","type":"Microsoft.Synapse/workspaces/datasets","apiVersion":"2019-06-01-preview","properties":{"linkedServiceName":{"referenceName":"[parameters('ls_azurestorage_energyscotish')]","type":"LinkedServiceReference"},"parameters":{"Container_name":{"type":"string"},"File_path":{"type":"string"},"File_name":{"type":"string"}},"annotations":[],"type":"Parquet","typeProperties":{"location":{"type":"AzureBlobFSLocation","fileName":{"value":"@dataset().File_name","type":"Expression"},"folderPath":{"value":"@dataset().File_path","type":"Expression"},"fileSystem":{"value":"@dataset().Container_name","type":"Expression"}},"compressionCodec":"snappy"},"schema":[]},"dependsOn":[]},{"name":"[concat(parameters('workspaceName'), '/ds_sql_reporting')]","type":"Microsoft.Synapse/workspaces/datasets","apiVersion":"2019-06-01-preview","properties":{"linkedServiceName":{"referenceName":"[parameters('ls_Azuresql_energy_db')]","type":"LinkedServiceReference"},"parameters":{"database":{"type":"string"},"schema":{"type":"string"},"table":{"type":"string"}},"annotations":[],"type":"AzureSqlTable","schema":[],"typeProperties":{}},"dependsOn":[]}]}